{
  "dataset": "Heart Disease UCI",
  "target": "target",
  "classes": {
    "0": "Sain",
    "1": "Maladie cardiaque"
  },
  "features": [
    "age",
    "sex",
    "cp",
    "trestbps",
    "chol",
    "fbs",
    "restecg",
    "thalach",
    "exang",
    "oldpeak",
    "slope",
    "ca",
    "thal"
  ],
  "n_features": 13,
  "models": {
    "logistic_regression": {
      "display_name": "Logistic Regression",
      "needs_scaling": true,
      "accuracy": 78.69,
      "f1_score": 81.69,
      "auc_roc": 86.47,
      "cv_mean": 81.34
    },
    "random_forest": {
      "display_name": "Random Forest",
      "needs_scaling": false,
      "accuracy": 80.33,
      "f1_score": 83.78,
      "auc_roc": 88.64,
      "cv_mean": 83.41
    },
    "knn": {
      "display_name": "KNN",
      "needs_scaling": true,
      "accuracy": 81.97,
      "f1_score": 84.51,
      "auc_roc": 89.12,
      "cv_mean": 80.09
    }
  },
  "best_model": "knn",
  "feature_ranges": {
    "age": {
      "min": 29.0,
      "max": 77.0,
      "mean": 54.420529801324506,
      "std": 9.047969746247464
    },
    "sex": {
      "min": 0.0,
      "max": 1.0,
      "mean": 0.6821192052980133,
      "std": 0.466425738067264
    },
    "cp": {
      "min": 0.0,
      "max": 3.0,
      "mean": 0.9635761589403974,
      "std": 1.0320436419542325
    },
    "trestbps": {
      "min": 94.0,
      "max": 200.0,
      "mean": 131.60264900662253,
      "std": 17.56339423003756
    },
    "chol": {
      "min": 126.0,
      "max": 564.0,
      "mean": 246.5,
      "std": 51.75348865574056
    },
    "fbs": {
      "min": 0.0,
      "max": 1.0,
      "mean": 0.1490066225165563,
      "std": 0.3566860293648133
    },
    "restecg": {
      "min": 0.0,
      "max": 2.0,
      "mean": 0.5264900662251656,
      "std": 0.5260271694099755
    },
    "thalach": {
      "min": 71.0,
      "max": 202.0,
      "mean": 149.56953642384107,
      "std": 22.90352725196984
    },
    "exang": {
      "min": 0.0,
      "max": 1.0,
      "mean": 0.32781456953642385,
      "std": 0.4701959640097687
    },
    "oldpeak": {
      "min": 0.0,
      "max": 6.2,
      "mean": 1.0430463576158941,
      "std": 1.1614522890634564
    },
    "slope": {
      "min": 0.0,
      "max": 2.0,
      "mean": 1.3973509933774835,
      "std": 0.6162739844441464
    },
    "ca": {
      "min": 0.0,
      "max": 4.0,
      "mean": 0.7185430463576159,
      "std": 1.0067482586428393
    },
    "thal": {
      "min": 0.0,
      "max": 3.0,
      "mean": 2.314569536423841,
      "std": 0.6130255397814742
    }
  },
  "scaler": {
    "mean": [
      54.3402489626556,
      0.6846473029045643,
      0.9377593360995851,
      131.448132780083,
      244.298755186722,
      0.14107883817427386,
      0.5518672199170125,
      150.07053941908714,
      0.34024896265560167,
      1.0709543568464732,
      1.3983402489626555,
      0.7302904564315352,
      2.3443983402489628
    ],
    "scale": [
      9.201321298105162,
      0.4646561885201467,
      1.002209985454125,
      17.951016991700257,
      48.00624482313634,
      0.3481028577786614,
      0.5296270501446921,
      22.04143597202839,
      0.4737927881124708,
      1.2037573963577533,
      0.6237330265265909,
      1.0214887834539341,
      0.5988056499986237
    ]
  }
}